﻿Id,Name,Date,Time
1201,['rohit'],2020-01-19,20:10:22
1202,['ajay'],2020-01-19,20:12:22
1203,['amol'],2020-01-19,20:15:22
1204,['mayur'],2020-01-19,20:19:22
1205,['shekhar'],2020-01-19,25:17:22
1206,['rohan'],2020-01-19,20:30:22
1207,['yogesh'],2020-01-19,20:35:22
1208,['swapnil'],2020-01-19,20:10:22
1201,['rohit'],2020-01-19,20:19:40
1202,[],2020-01-19,20:34:32
1201,['rohit'],2020-01-19,20:34:34
1201,['rohit'],2020-01-19,22:12:55
1201,['rohit'],2020-01-19,23:59:34
1,['rohit' 'mayur' 'rohitadnaik' 'rohit'],2020-01-20,19:07:10
102,['rohit'],2020-01-20,19:41:32
1,['rohit' 'mayur' 'rohitadnaik' 'rohit' 'rohit'],2020-01-21,11:13:32
102,['rohit'],2020-01-21,11:13:42
1,['rohit' 'mayur' 'rohitadnaik' 'rohit' 'rohit' 'rohit'],2020-01-21,11:22:43
102,['rohit'],2020-01-27,20:04:47
102,['rohit'],2020-01-27,20:05:37
102,['rohit'],2020-02-21,21:25:03
102,['rohit'],2020-03-03,20:14:19
102,['rohit'],2020-03-03,20:40:14
102,['rohit'],2020-03-05,11:26:26
102,['rohit'],2020-03-05,11:27:18
102,['rohit'],2020-03-05,11:29:39
102,['rohit'],2020-03-05,11:37:00
1,['rohit' 'mayur' 'rohitadnaik' 'rohit' 'rohit' 'rohit' 'root'],2020-03-05,11:37:44
103,['amol'],2020-03-05,11:37:44
101,['rohitadnaik' 'rohit'],2020-03-05,11:37:47
1,['rohit' 'mayur' 'rohitadnaik' 'rohit' 'rohit' 'rohit' 'root'],2020-03-05,11:50:26
101,['rohitadnaik' 'rohit'],2020-03-05,11:50:30
103,['amol'],2020-03-05,11:51:53
1,['rohit' 'mayur' 'rohitadnaik' 'rohit' 'rohit' 'rohit' 'root'],2020-03-05,11:51:54
101,['rohitadnaik' 'rohit'],2020-03-05,11:51:55
1,['rohit' 'mayur' 'rohitadnaik' 'rohit' 'rohit' 'rohit' 'root'],2020-03-05,11:53:16
101,['rohitadnaik' 'rohit'],2020-03-05,11:53:22
1,['rohit' 'mayur' 'rohitadnaik' 'rohit' 'rohit' 'rohit' 'root'],2020-03-05,12:05:25
101,['rohitadnaik' 'rohit'],2020-03-05,12:05:26
103,['amol'],2020-03-05,12:10:05
55,['rohitadnaik' 'rohit'],2020-03-05,12:10:05
44,['rohit'],2020-03-05,12:10:05
101,['rohitadnaik' 'rohit'],2020-03-05,12:10:12
1,['rohit' 'mayur' 'rohitadnaik' 'rohit' 'rohit' 'rohit' 'root'],2020-03-05,12:10:14
1,"['rohit' 'mayur' 'rohitadnaik' 'rohit' 'rohit' 'rohit' 'root'
 'rohitadnaik']",2020-03-05,12:18:23
103,['amol'],2020-03-05,12:18:25
101,['rohitadnaik' 'rohit'],2020-03-05,12:18:33
101,['rohitadnaik' 'rohit'],2020-03-05,12:28:09
103,['amol'],2020-03-05,12:28:09
44,['rohit'],2020-03-05,12:28:09
1,"['rohit' 'mayur' 'rohitadnaik' 'rohit' 'rohit' 'rohit' 'root'
 'rohitadnaik']",2020-03-05,12:28:15
1,"['rohit' 'mayur' 'rohitadnaik' 'rohit' 'rohit' 'rohit' 'root'
 'rohitadnaik']",2020-03-05,12:35:52
565656,['qqeeqe'],2020-03-05,12:35:53
565656,['qqeeqe'],2020-03-05,13:30:54
1,"['rohit' 'mayur' 'rohitadnaik' 'rohit' 'rohit' 'rohit' 'root'
 'rohitadnaik' 'sdsdfs' 'rohit' 'g' 'hh' 'rohit' 'rohit' 'rohit']",2021-07-30,14:04:07
1,"['rohit' 'mayur' 'rohitadnaik' 'rohit' 'rohit' 'rohit' 'root'
 'rohitadnaik' 'sdsdfs' 'rohit' 'g' 'hh' 'rohit' 'rohit' 'rohit']",2021-07-30,14:09:15
1,"['rohit' 'mayur' 'rohitadnaik' 'rohit' 'rohit' 'rohit' 'root'
 'rohitadnaik' 'sdsdfs' 'rohit' 'g' 'hh' 'rohit' 'rohit' 'rohit']",2021-07-30,14:18:21
1,['Rohit' 'Rohit' 'rohit' 'rohit' 'rohit'],2021-07-30,14:35:35
1256452,['rohit' 'rohit'],2021-07-30,14:40:52
1,['Rohit' 'Rohit' 'rohit' 'rohit' 'rohit'],2021-07-30,14:40:53
101,['rohit'],2021-07-30,14:43:07
101,['rohit'],2021-07-30,15:05:54
101,['rohit'],2021-07-30,15:28:08
101,['rohit'],2021-07-30,15:33:25
102,['ajay'],2021-07-30,15:34:18
101,['rohit'],2021-07-30,15:34:33
101,['rohit'],2021-07-30,16:52:07
1201,['rohit'],2020-01-19,20:10:22
1202,['ajay'],2020-01-19,20:12:22
1203,['amol'],2020-01-19,20:15:22
1204,['mayur'],2020-01-19,20:19:22
1205,['shekhar'],2020-01-19,25:17:22
1206,['rohan'],2020-01-19,20:30:22
1207,['yogesh'],2020-01-19,20:35:22
1208,['swapnil'],2020-01-19,20:10:22
1201,['rohit'],2020-01-19,20:19:40
1202,[],2020-01-19,20:34:32
1201,['rohit'],2020-01-19,20:34:34
1201,['rohit'],2020-01-19,22:12:55
1201,['rohit'],2020-01-19,23:59:34
1,['rohit' 'mayur' 'rohitadnaik' 'rohit'],2020-01-20,19:07:10
102,['rohit'],2020-01-20,19:41:32
1,['rohit' 'mayur' 'rohitadnaik' 'rohit' 'rohit'],2020-01-21,11:13:32
102,['rohit'],2020-01-21,11:13:42
1,['rohit' 'mayur' 'rohitadnaik' 'rohit' 'rohit' 'rohit'],2020-01-21,11:22:43
102,['rohit'],2020-01-27,20:04:47
102,['rohit'],2020-01-27,20:05:37
102,['rohit'],2020-02-21,21:25:03
102,['rohit'],2020-03-03,20:14:19
102,['rohit'],2020-03-03,20:40:14
102,['rohit'],2020-03-05,11:26:26
102,['rohit'],2020-03-05,11:27:18
102,['rohit'],2020-03-05,11:29:39
102,['rohit'],2020-03-05,11:37:00
1,['rohit' 'mayur' 'rohitadnaik' 'rohit' 'rohit' 'rohit' 'root'],2020-03-05,11:37:44
103,['amol'],2020-03-05,11:37:44
101,['rohitadnaik' 'rohit'],2020-03-05,11:37:47
1,['rohit' 'mayur' 'rohitadnaik' 'rohit' 'rohit' 'rohit' 'root'],2020-03-05,11:50:26
101,['rohitadnaik' 'rohit'],2020-03-05,11:50:30
103,['amol'],2020-03-05,11:51:53
1,['rohit' 'mayur' 'rohitadnaik' 'rohit' 'rohit' 'rohit' 'root'],2020-03-05,11:51:54
101,['rohitadnaik' 'rohit'],2020-03-05,11:51:55
1,['rohit' 'mayur' 'rohitadnaik' 'rohit' 'rohit' 'rohit' 'root'],2020-03-05,11:53:16
101,['rohitadnaik' 'rohit'],2020-03-05,11:53:22
1,['rohit' 'mayur' 'rohitadnaik' 'rohit' 'rohit' 'rohit' 'root'],2020-03-05,12:05:25
101,['rohitadnaik' 'rohit'],2020-03-05,12:05:26
103,['amol'],2020-03-05,12:10:05
55,['rohitadnaik' 'rohit'],2020-03-05,12:10:05
44,['rohit'],2020-03-05,12:10:05
101,['rohitadnaik' 'rohit'],2020-03-05,12:10:12
1,['rohit' 'mayur' 'rohitadnaik' 'rohit' 'rohit' 'rohit' 'root'],2020-03-05,12:10:14
1,"['rohit' 'mayur' 'rohitadnaik' 'rohit' 'rohit' 'rohit' 'root'
 'rohitadnaik']",2020-03-05,12:18:23
103,['amol'],2020-03-05,12:18:25
101,['rohitadnaik' 'rohit'],2020-03-05,12:18:33
101,['rohitadnaik' 'rohit'],2020-03-05,12:28:09
103,['amol'],2020-03-05,12:28:09
44,['rohit'],2020-03-05,12:28:09
1,"['rohit' 'mayur' 'rohitadnaik' 'rohit' 'rohit' 'rohit' 'root'
 'rohitadnaik']",2020-03-05,12:28:15
1,"['rohit' 'mayur' 'rohitadnaik' 'rohit' 'rohit' 'rohit' 'root'
 'rohitadnaik']",2020-03-05,12:35:52
565656,['qqeeqe'],2020-03-05,12:35:53
565656,['qqeeqe'],2020-03-05,13:30:54
1,"['rohit' 'mayur' 'rohitadnaik' 'rohit' 'rohit' 'rohit' 'root'
 'rohitadnaik' 'sdsdfs' 'rohit' 'g' 'hh' 'rohit' 'rohit' 'rohit']",2021-07-30,14:04:07
1,"['rohit' 'mayur' 'rohitadnaik' 'rohit' 'rohit' 'rohit' 'root'
 'rohitadnaik' 'sdsdfs' 'rohit' 'g' 'hh' 'rohit' 'rohit' 'rohit']",2021-07-30,14:09:15
1,"['rohit' 'mayur' 'rohitadnaik' 'rohit' 'rohit' 'rohit' 'root'
 'rohitadnaik' 'sdsdfs' 'rohit' 'g' 'hh' 'rohit' 'rohit' 'rohit']",2021-07-30,14:18:21
1,['Rohit' 'Rohit' 'rohit' 'rohit' 'rohit'],2021-07-30,14:35:35
1256452,['rohit' 'rohit'],2021-07-30,14:40:52
1,['Rohit' 'Rohit' 'rohit' 'rohit' 'rohit'],2021-07-30,14:40:53
101,['rohit'],2021-07-30,14:43:07
101,['rohit'],2021-07-30,15:05:54
101,['rohit'],2021-07-30,15:28:08
101,['rohit'],2021-07-30,15:33:25
102,['ajay'],2021-07-30,15:34:18
101,['rohit'],2021-07-30,15:34:33
101,['rohit'],2021-07-30,16:52:07
